B1GQ	Produit intérieur brut aux prix du marché
B1G	Valeur ajoutée, brute
P1	Production
P2	Consommation intermédiaire
P3	Dépense de consommation finale
P31	Dépense de consommation individuelle
P32	Dépense de consommation collective
P4	Consommation finale effective
P3_S13	Dépense de consommation finale des administrations publiques
P31_S13	Dépense de consommation finale des administrations publiques, individuelle
P32_S13	Dépense de consommation finale des administrations publiques, collective
P31_S14_S15	Dépense de consommation finale des ménages et des ISBLSM
P31_S14	Dépense de consommation finale des ménages
P31_S15	Dépense de consommation finale des ISBLSM
P41	Consommation individuelle effective
P5G	Formation brute de capital
P5	Formation brute de capital
P51G	Formation brute de capital fixe
P51G_S14_S15	Formation brute de capital fixe des ménages et des ISBLSM
P52_P53	Variation des stocks et acquisitions moins cessions d'objets de valeur
P52	Variation des stocks
P53	Acquisitions moins cessions d'objets de valeur
P6	Exportations de biens et de services
P61	Exportations de biens
P62	Exportations de services
P7	Importations de biens et de services
P71	Importations de biens
P72	Importations de services
B11	Solde des échanges extérieurs de biens et services
B111	Solde des échanges extérieurs - biens
B112	Solde des échanges extérieurs - services
D1	Rémunération des salariés
D11	Salaires et traitements bruts
D12	Cotisations sociales à la charge des employeurs
D1_D61NET	Rémunération des salariés et Cotisations sociales nettes (RECV-PAID)
B2A3G	Excédent d'exploitation et revenu mixte, brut
D2X3	Impôts moins subventions sur les produits
D2	Impôts sur la production et les importations
TRF_CUR_D9	Transferts courants et transferts en capital (subventions comprises)
TRF_CUR	Transferts courants (subventions comprises)
D3	Subventions
TRF_CUR_XD3	Transferts courants (hors subventions)
D21X31	Impôts moins les subventions sur les produits
D21	Impôts sur les produits
D31	Subventions sur les produits
P2_D29_D5_D8	Consommation intermédiaire; autres impôts sur la production; impôts courants sur le revenu et le patrimoine; ajustement pour variation des droits à pension
D29_D5_D8	Autres impôts sur la production; impôts courants sur le revenu et le patrimoine; ajustement pour variation des droits à pension
D4	Revenus de la propriété
D4_S1311	Revenus de la propriété, dont à payer au sous-secteur S1311
D4_S1312	Revenus de la propriété, dont à payer au sous-secteur S1312
D4_S1313	Revenus de la propriété, dont à payer au sous-secteur S1313
D4_S1314	Revenus de la propriété, dont à payer au sous-secteur S1314
D62_D632	Prestations sociales autres que transferts sociaux en nature et transferts sociaux en nature - production marchande achetée
D62	Prestations sociales autres que transferts sociaux en nature
D632	Transferts sociaux en nature - production marchande achetée
D7	Autres transferts courants
D7_S1311	Autres transferts courants, dont à payer au sous-secteur S1311
D7_S1312	Autres transferts courants, dont à payer au sous-secteur S1312
D7_S1313	Autres transferts courants, dont à payer au sous-secteur S1313
D7_S1314	Autres transferts courants, dont à payer au sous-secteur S1314
D9	Transferts en capital
D92	Aides à l'investissement
D9_S1311	Transferts en capital, dont à payer au sous-secteur S1311
D9_S1312	Transferts en capital, dont à payer au sous-secteur S1312
D9_S1313	Transferts en capital, dont à payer au sous-secteur S1313
D9_S1314	Transferts en capital, dont à payer au sous-secteur S1314
OP5ANP	Formation brute de capital et acquisitions moins cessions d'actifs non financiers non produits
NP	Acquisitions moins cessions d'actifs non financiers non produits
IN	Revenus primaires et transferts courants
IN1	Revenus primaires
IN2	Revenus secondaires
IN21	Revenus secondaires: transferts courants
TE	Total des dépenses des administrations publiques
P51C	Consommation de capital fixe
B2A3N	Excédent d'exploitation et revenu mixte, net
D29X39	Autres impôts moins autres subventions sur la production
YA1	Divergence statistique : optique de la production
YA0	Divergence statistique : optique des dépenses
YA2	Divergence statistique : optique des revenus
P311_S14	Dépense de consommation finale des ménages, biens durables
P312_S14	Dépense de consommation finale des ménages, biens semi-durables
P313_S14	Dépense de consommation finale des ménages, biens non-durables
P314_S14	Dépense de consommation finale des ménages, services
P312N_S14	Dépense de consommation finale des ménages, biens semi-durables, biens non-durables et services
P6_S21	Exportations de biens et de services à destination de l'Union européenne
P6_S211	Exportations de biens et de services à destination de l'Union européenne
P6_S2111	Exportations de biens et de services à destination des membres de l'Union monétaire
P6_S2112	Exportations de biens et de services vers les non-membres de l'Union monétaire
P6_S212	Exportations de biens et de services vers les institutions de l'UE
P6_S22	Exportations de biens et de services vers les pays tiers et les organisations internationales
P7_S21	Importations de biens et services en provenance de l'Union européenne
P7_S211	Importations de biens et services en provenance des Etats membres de l'Union européenne
P7_S2111	Importations de biens et services en provenance des membres de l'Union monétaire
P7_S2112	Importations de biens et services en provenance des non-membres de l'Union monétaire
P7_S212	Importations de biens et services des institutions de l'UE
P7_S22	Importations de biens et services en provenance de pays tiers et organisations internationales
P31_S14_NC	Dépense de consommation finale des ménages (concept national)
P33	Dépense de consommation finale des ménages résidents dans le reste du monde - total
P34	Dépense de consommation finale des ménages non-résidents sur le territoire économique - total
P31_S14_DC	Dépense de consommation finale des ménages (concept intérieur)
EMP_NC	Emploi total - concept national
POP_NC	Population totale - concept national
SAL_NC	Salariés - concept national
SELF_NC	Indépendants - concept national
EMP_DC	Emploi total - concept intérieur
SAL_DC	Salariés - concept intérieur
SELF_DC	Indépendants - concept intérieur
F	Total financier avoirs/engagements
F_TR	Acquisition nette d'actifs financiers/ Accroissement net des passifs
F1	Or monétaire et droits de tirage spéciaux (DTS)
F11	Or monétaire
F12	Droits de tirage spéciaux (DTS)
F2	Monnaies et dépôts
F2_NAC	Monnaies et dépôts, y compris en monnaie nationale
F21	Monnaies
F22_F29	Dépôts transférables; autres dépôts
F22	Dépôts transférables
F221	Positions interbancaires
F229	Autres dépôts transférables
F29	Autres dépôts
F2_F8	Passifs du secteur financier (DTS exclus)
F3	Titres de créance
F3_NAC	Titres de créance, y compris en monnaie nationale
F31	Titres de créance à court terme
F32	Titres de créance à long terme
F32_LESSY	Titres de créance à long terme - Avec une échéance résiduelle inférieure ou égale à un an
F32_OVERY	Titres de créance à long terme - Avec une échéance résiduelle supérieure à un an
F3_F4	Titres autres qu'actions, crédits
F4	Crédits
F4_NAC	Crédits, y compris en monnaie nationale
F41	Crédits à court terme
F41D	Crédits à court terme - Engagement de rachat, prêts de titres, prêts sur marge
F42	Crédits à long terme
F42_LESSY	Crédits à long terme - Avec une échéance résiduelle inférieure ou égale à un an
F42_OVERY	Crédits à long terme - Avec une échéance résiduelle supérieure à un an
F5	Actions et parts de fonds d'investissement
F51	Actions
F511	Actions cotées
F512_F519	Actions non cotées; autres participations
F512	Actions non cotées
F519	Autres participations
F52	Parts de fonds d'investissement
F521	Parts de fonds d'investissement monétaires
F522	Parts de fonds d'investissement non monétaires
F6	Droits sur les provisions techniques d'assurance, sur les fonds de pension et sur les réserves de garanties standard
F61	Provisions techniques d'assurance-dommage
F61_F66	Provisions techniques d'assurance-dommage, et Réserves pour appels dans le cadre de garanties standard
F62	Droits sur les assurances vie et rentes
F63	Droits à pension
F63_LS	Droits à pension dans le bilan  d'ouverture
F63_F64_F65	Droits à pension, droits des fonds de pension sur les gérants des systèmes de pension et droits à des prestations autres que de pension
F64	Droits des fonds de pension sur les gérants des systèmes de pension
F65	Droits à des prestations autres que de pension
F64_F65	Droits des fonds de pension sur les gérants des systèmes de pension et droits à des prestations autres que de pension
F66	Réserves pour appels dans le cadre de garanties standard
F7	Produits financiers dérivés et options sur titres des salariés
F71	Produits financiers dérivés
F711	Options
F712	Contrats à terme
F72	Options sur titres des salariés
F8	Autres comptes à recevoir/à payer
F8_NAC	Autres comptes à recevoir/à payer, y compris en monnaie nationale
F81	Crédits commerciaux et avances
F89	Autres comptes à recevoir, à l'exclusion des crédits commerciaux et avances
B9F	Opérations financières nettes
B9FX9	Écart avec Capacité de financement (+) / Besoin de financement (-)
BF90	Valeur nette financière
B102	Variations de la valeur nette dues aux autres changements de volume d'actifs
B103	Variations de la valeur nette dues aux gains/pertes nominaux de détention
D1_SAL_PER	Rémunération par salarié
D1_SAL_HW	Rémunération par salarié par heure travaillée
NLPR_PER	Productivité nominale du travail par personne employée
NLPR_HW	Productivité nominale du travail par heures travaillées
RLPR_PER	Productivité réelle du travail par personne employée
RLPR_HW	Productivité réelle du travail par heures travaillées
NULC_PER	Coût salarial unitaire nominal (basé sur les personnes)
NULC_HW	Coût salarial unitaire nominal (basée sur les heures travaillées)
RULC_PER	Coût salarial unitaire réel (basé sur les personnes)
RULC_HW	Coût salarial unitaire réel (basée sur les heures travaillées)
B1N	Valeur ajoutée, nette
B2N	Excédent net d'exploitation
B5N	Solde des revenues primaires/Revenu national, net
B6N	Revenu disponible, net
B8G	Épargne , brute
B8N	Épargne, nette
B9	Capacité de financement (+) / Besoin de financement (-)
D1PAY	Rémunération des salariés, à payer
D2_D5_D91	Total des impôts
D2_D5_D91_D61_M_D611V_D612_M_M_D613V_D614_M_D995	Produit total des impôts et cotisations sociales obligatoires après déduction des montants dus non recouvrables
D2_D5_D91_D61_M_D612_M_D614_M_D995	Recettes totales provenant des impôts et cotisations sociales après déduction des montants notifiés mais non susceptibles d'être perçus
D2_D5_D91_D61_M_D995	Recettes totales provenant des impôts et cotisations sociales (cotisations sociales imputées incluses) après déduction des montants notifiés mais non susceptibles d'être perçus
D211	Taxes du type TVA
D211REC	TVA à recevoir
D212	Impôts et droits sur les importations, à l'exclusion de la TVA
D2121	Droits sur les importations
D2122	Impôts sur les importations, à l'exclusion de la TVA et des droits sur les importations
D2122A	Prélèvements sur les produits agricoles importés
D2122B	Montants compensatoires monétaires à l'importation
D2122C	Droits d'accise
D2122D	Impôts généraux sur les ventes
D2122E	Impôts sur des services déterminés
D2122F	Bénéfices des entreprises publiques exerçant un monopole d'importation
D214	Impôts sur les produits, à l'exclusion de la TVA et des impôts sur les importations
D214A	Droits d'accise et impôts de consommation
D214B	Droits de timbre
D214C	Impôts sur les transactions mobilières
D214D	Taxes à l'immatriculation des véhicules
D214E	Taxes sur les spectacles et divertissements
D214F	Impôts sur les loteries, jeux et paris
D214G	Taxes sur les primes d'assurance
D214H	Autres taxes sur des services déterminés
D214I	Impôts généraux sur les ventes ou le chiffre d'affaires
D214J	Bénéfices des monopoles fiscaux
D214K	Droits sur les exportations et montants compensatoires monétaires à l'exportation
D214L	Autres impôts sur les produits n.c.a.
D21REC	Impôts sur les produits à recevoir
D29	Autres impôts sur la production
D29A	Impôts sur la propriété ou l'utilisation de terrains, bâtiments et autres constructions
D29B	Impôts sur l'utilisation d'actifs fixes
D29C	Impôts sur la masse salariale ou les effectifs employés
D29D	Impôts sur les transactions internationales
D29E	Impôts sur les autorisations d'exercer des activités commerciales ou professionnelles
D29F	Impôts sur les émissions polluantes
D29G	Sous-compensation de la TVA résultant de l'application du régime forfaitaire
D29H	Autres impôts sur la production n.c.a.
D29PAY	Autres impôts sur la production, à payer
D29REC	Autres impôts sur la production à recevoir
D2REC	Impôts sur la production et les importations, à recevoir
D31PAY	Subventions sur les produits à payer
D39PAY	Autres subventions sur la production à payer
D39REC	Autres subventions sur la production, à recevoir
D3PAY	Subventions, à payer
D41PAY	Intérêts, à payer
D41REC	Intérêts, à recevoir
D42_TO_D45PAY	Autres revenus de la propriété à payer
D42_TO_D45REC	Autres revenus de la propriété à recevoir
D4CO	Revenus de la propriété, consolidé
D4PAY	Revenus de la propriété, à payer
D4PAY_S1311	Revenus de la propriété, à payer, dont à payer au sous-secteur S1311
D4PAY_S1312	Revenus de la propriété, à payer, dont à payer au sous-secteur S1312
D4PAY_S1313	Revenus de la propriété, à payer, dont à payer au sous-secteur S1313
D4PAY_S1314	Revenus de la propriété, à payer, dont à payer au sous-secteur S1314
D4REC	Revenus de la propriété, à recevoir
D5	Impôts courants sur le revenu, la patrimoine, etc.
D51	Impôts sur le revenu
D51A	Impôts sur le revenu des personnes physiques ou des ménages
D51A_C1	Impôts sur le revenu des personnes physiques ou des ménages y compris les gains de détention
D51B	Impôts sur le revenu ou sur les bénéfices des sociétés
D51B_C2	Impôts sur le revenu des sociétés y compris les gains de détention
D51C	Impôts sur les gains de détention
D51C1	Impôts sur les gains de détention des personnes physiques ou des ménages
D51C2	Impôts sur les gains de détention des sociétés
D51C3	Autres impôts sur les gains de détention des sociétés
D51D	Impôts sur les gains des loteries et paris
D51E	Autres impôts sur le revenu n.c.a.
D51REC	Impôts sur le revenu à recevoir
D59	Autres impôts courants
D59A	Impôts courants sur le capital
D59B	Impôts de capitation
D59C	Impôts sur la dépense
D59D	Taxes acquittées par les ménages pour l'obtention de licences
D59E	Impôts sur les transactions internationales
D59F	Autres impôts courants n.c.a.
D59REC	Autres impôts courants à recevoir
D5PAY	Impôts courants sur le revenu et le patrimoine, à payer
D5REC	Impôts courants sur le revenu et le patrimoine, à recevoir
D61	Cotisations sociales nettes
D61_P	Cotisations de pension nettes
D611	Cotisations sociales effectives à la charge des employeurs
D6111	Cotisations de pension effectives à la charge des employeurs
D6112	Cotisations effectives autres que de pension à la charge des employeurs
D611C	Cotisations sociales effectives obligatoires à la charge des employeurs
D611REC	Cotisations sociales effectives à la charge des employeurs à recevoir
D611V	Cotisations sociales effectives volontaires des employeurs
D612	Cotisations sociales imputées à la charge des employeurs
D6121	Cotisations de pension imputées à la charge des employeurs
D6122	Cotisations imputées autres que de pension à la charge des employeurs
D612REC	Cotisations sociales imputées, à recevoir
D6131	Cotisations de pension effectives à la charge des ménages
D6132	Cotisations effectives autres que de pension à la charge des ménages
D613CE	Cotisations sociales effectives obligatoires à la charge des salariés
D613CN	Cotisations sociales effectives obligatoires à la charge des personnes n?occupant pas d?emploi
D613C	Cotisations sociales effectives obligatoires à la charge des ménages
D613CS	Cotisations sociales effectives obligatoires à la charge des travailleurs indépendants
D613REC	Cotisations sociales effectives à la charge des ménages à recevoir
D613V	Cotisations sociales effectives volontaires des ménages
D6141	Suppléments de cotisations de pension à la charge des ménages
D6142	Suppléments de cotisations autres que de pension à la charge des ménages
D614REC	Suppléments de cotisations sociales à la charge des ménages
D61REC	Cotisations sociales nettes à recevoir
D61SC	Rémunération du service des régimes d'assurance sociale
D61SC_P	Moins: Service des régimes de pension
D619	Autre changement (actuariel) des droits à pension dans le cadre de régimes de pension de la sécurité sociale
D62_P	Prestations de pension d'assurance sociale
D62_D632PAY	Prestations sociales autres que transferts sociaux en nature et transferts sociaux en nature ? production marchande achetée, à payer
D62PAY	Prestations sociales autres que transferts sociaux en nature, à payer
D632PAY	Transferts sociaux en nature ? production marchande achetée, à payer
D7CO	Autres transferts courants, consolidés
D7PAY	Autres transferts courants, à payer
D7PAY_S1311	Autres transferts courants, à payer, dont à payer au sous-secteur S1311
D7PAY_S1312	Autres transferts courants, à payer, dont à payer au sous-secteur S1312
D7PAY_S1313	Autres transferts courants, à payer, dont à payer au sous-secteur S1313
D7PAY_S1314	Autres transferts courants, à payer, dont à payer au sous-secteur S1314
D7REC	Autres transferts courants, à recevoir
D4_D7	Revenus de la propriété et Autres transferts courants
D8	Ajustement pour variation des droits à pension
D81	Transfert de droits à pension entre régimes
D82	Variations des droits à pension résultant de changements négociés dans la structure de régimes
D91	Impôts en capital
D91A	Impôts sur les transferts en capital
D91B	Prélèvements sur le capital
D91C	Autres impôts sur le capital n.c.a.
D91REC	Impôts en capital, à recevoir
D92_D99REC	Aides à l'investissement et autres transferts en capital, à recevoir
D92AREC	Aides à L'investissement, à recevoir des institutions de l'UE
D92PAY	Aides à l'investissement à payer
D995	Transferts en capital des administrations publiques vers les secteurs concernés correspondant à des impôts et contributions sociales notifiés mais non susceptible d'être perçus
D995A	Impôts sur les produits dus non recouvrables
D995B	Autres impôts sur la production dus non recouvrables
D995C	Impôts sur le revenu dus non recouvrables
D995D	Autres impôts courants dus non recouvrables
D995E	Cotisations sociales effectives à la charge des employeurs dues non recouvrables
D995F	Cotisations sociales effectives à la charge des ménages dues non recouvrables
D995FE	Cotisations sociales effectives à la charge des salariés dues non recouvrables
D995FN	Cotisations sociales effectives à la charge des personnes n?occupant pas d?emploi dues non recouvrables
D995FS	Cotisations sociales effectives à la charge des travailleurs indépendants dues non recouvrables
D995G	Impôts en capital dus non recouvrables
D995REC	Transferts en capital des administrations publiques vers les secteurs concernés correspondants à des impôts et cotisations sociales dus non recouvrables
D9CO	Transferts en capital, consolidé
D9PAY	Transferts en capital, à payer
D9PAY_S1311	Transferts en capital, à payer, dont à payer au sous-secteur S1311
D9PAY_S1312	Transferts en capital, à payer, dont à payer au sous-secteur S1312
D9PAY_S1313	Transferts en capital, à payer, dont à payer au sous-secteur S1313
D9PAY_S1314	Transferts en capital, à payer, dont à payer au sous-secteur S1314
D9REC	Transferts en capital, à recevoir
K5	Variations dues aux autres changements en volume
K7	Variations dues à des réévaluations
F63_LE	Droits à pension dans le bilan de clôture
GD	Dette brute consolidée du gouvernement
IGL_F4_EA20	Prêts intergouvernementaux intra EA20 (à partir de 2023)
IGL_F4_EA19	Prêts intergouvernementaux intra EA19 (2015-2022)
IGL_F4_EA18	Prêts intergouvernementaux intra EA18 (2014)
IGL_F4_EA17	Prêts intergouvernementaux intra EA17 (2011-2013)
IGL_F4_EA16	Prêts intergouvernementaux intra EA16 (2009-2010)
IGL_F4_EU27_2020	Prêts intergouvernementaux intra UE27 (à partir de 2020)
IGL_F4_EU28	Prêts intergouvernementaux intra UE28 (2013-2020)
IGL_F4_EU27_2007	Prêts intergouvernementaux intra UE27 (2007-2013)
IGL_F4_EU25	Prêts intergouvernementaux intra UE25 (2004-2006)
ITR_CAP_INC	Taux d'imposition implicite du capital, dont revenu du capital et revenu commercial
ITR_CAP_INCO	Taux d'imposition implicite du capital, dont revenu du capital et revenu commercial des entreprises
ITR_CAP_INHOSE	Taux d'imposition implicite du capital, dont revenu du capital et revenu commercial des ménages et travailleurs indépendants
ITR_CAP_TOT	Taux d'imposition implicite du capital - total
ITR_CONS	Taux d'imposition implicite sur la consommation
ITR_LAB_EMPD	Taux d'imposition implicite du travail
P11_P12	Production marchande et production pour usage final propre
P11_P12_P131	Production marchande, production pour usage final propre et paiements au titre de production non marchande
P13	Autre production non marchande
P131	Paiements de production non marchande
P132	Autre production non marchande, autre
PTC	Total des crédits d'impôts à payer
TC	Partie des crédits d'impôts à payer qui excède les créances des contribuables
TR	Total des recettes des administrations publiques
TX_CAP_INC	Imposition du capital, dont revenu du capital et revenu commercial
TX_CAP_INCO	Imposition du capital, dont revenu du capital et revenu commercial des entreprises
TX_CAP_INHO	Imposition du capital, dont revenu du capital et revenu commercial des ménages
TX_CAP_INSE	Imposition du capital, dont revenu du capital et revenu commercial des travailleurs indépendants
TX_CAP_STO	Imposition du capital, dont stock de capital (patrimoine)
TX_CAP_TOT	Imposition du capital - total
TX_CONS	Taxes sur la consommation
TX_LAB_EMPE	Imposition du travail, dont sur les salariés payée par les employés
TX_LAB_EMPR	Imposition du travail, dont sur les salariés payée par les employeurs
TX_LAB_NEMP	Imposition du travail, dont non-actif
TX_LAB_TOT	Imposition du travail - total
TX_X_AT	Structure des impôts selon la fonction économique - impôts sur l'alcool et le tabac
TX_X_T	Structure des impôts selon la fonction économique - impôts sur le transport
TX_X_E	Structure des impôts selon la fonction économique - impôts sur l'énergie
TX_X_P	Structure des impôts selon la fonction économique - impôts sur la pollution
TX_X_RS	Structure des impôts selon la fonction économique - impôts sur les ressources naturels
TX_X_RP	Structure des impôts selon la fonction économique - impôts courants sur les biens immobiliers
TX_X_O	Structure des impôts selon la fonction économique - autres impôts sur la propriété
B1NQ	Produit intérieur net aux prix du marché
B3G	Revenu mixte, brut
B4G	Revenu d'enterprise, brut
B4N	Revenu d'enterprise, net
B5G	Revenu national/Solde des revenues primaires, brut
B6G	Revenu disponible, brut
B7G	Revenu disponible ajusté, brut
B7G_EU27_2020_HAB	Revenu disponible ajusté par habitant, brut (EU27_2020=100)
B7G_N_HAB	Revenu disponible brut ajusté des ménages en termes nominaux par habitant
B7G_N_HAB_GR	Revenu disponible brut ajusté des ménages en termes nominaux par habitant (variation en pourcentage par rapport à la période précédente)
B7N	Revenu disponible ajusté, net
B12	Solde des opérations courantes avec l'extérieur
B101	Variations de la valeur nette dues a l'épargne et aux transferts en capital
P1O	Production marchande, production pour usage final propre et paiements à l'autre production non marchande
P3F	Dépense de consommation finale
P62F	Exportations de SIFIM
P72F	Importations de SIFIM
D39	Autres subventions sur la production
D4_R	Revenus de la propriété, à recevoir (ressources)
D4_U	Revenus de la propriété, à payer (emplois)
D41	Intérêts
D41G	Total des intérêts avant allocation des SIFIM
D42_TO_D45	Revenus de la propriété autres que les intérêts
D42	Revenus distribués des sociétés
D43	Bénéfices réinvestis d'investissements directs étrangers
D43S2I	Bénéfices réinvestis d'investissements directs étrangers Intra-Zone Euro
D43S2X	Bénéfices réinvestis d'investissements directs étrangers Extra-Zone Euro
D43S21	Bénéfices réinvestis d'investissements directs étrangers Intra-UE
D43S22	Bénéfices réinvestis d'investissements directs étrangers Extra-UE
D44	Autres revenus d'investissements
D45	Loyers
D5_U	Impôts courants sur le revenu et le patrimoine, (emplois)
D6	Cotisations et prestations sociales
D61NET	Cotisations sociales nettes (RECV-PAID)
D62NET	Prestations sociales nettes autres que transferts sociaux en nature (RECV-PAID)
D63	Transferts sociaux en nature
D631	Transferts sociaux en nature - production non marchande
D63NET	Transferts sociaux en nature nets (RECV-PAID)
D7_R	Autres transferts courants, à recevoir (ressources)
D7_U	Autres transferts courants, à payer (emplois)
D71	Primes nettes d'assurance-dommages
D72	Indemnités d'assurance-dommages
D74_TO_D76	Autres transferts courants moins transferts courants entre administrations publiques
D74	Coopération internationale courante
D74_EUI	Coopération internationale courante versés aux institutions de l'Union européene
D75	Transferts courants divers
D76	Ressources propres de l'UE fondées sur la TVA et le RNB
D8NET	Ajustement net pour variation des droits à pension (RECV-PAID)
D92_TO_D99	Aides à l'investissement et autres transferts en capital
D99	Autres transferts en capital
OTE	Dépenses des administrations publiques totales
OTR	Recettes des administrations publiques totales
P31_CLV2000	Dépense de consommation finale - volumes chaînées année de référence 2000
P51G_CLV2000	Formation brute de capital fixe  - volumes chaînées année de référence 2000
B1G_CLV2000	Valeur ajoutée, brute - volumes chaînées année de référence 2000
P31_CLV2010	Dépense de consommation finale - volumes chaînées année de référence 2010
P51G_CLV2010	Formation brute de capital fixe  - volumes chaînées année de référence 2010
B1G_CLV2010	Valeur ajoutée, brute - volumes chaînées année de référence 2010
EMP_PS_DC	Emploi total (milliers des personnes)
EMP_HW_DC	Emploi total (milliers des heures travaillées)
N111G	Actifs, bruts - Logements
N211G	Actifs, bruts - Terrains
P51G_N111G	Actifs, bruts - logements
P51G_N112G	Actifs, bruts - autres bâtiments et ouvrages de génie civil
P51G_N1121G	Actifs, bruts - bâtiments non résidentiels
P51G_N1122G	Actifs, bruts - autres ouvrages de génie civil
P51G_N11G_CLV2010	Actifs, bruts - actifs fixes par type d ' actifs - volumes chaînées année de référence 2010
P51G_N111G_CLV2010	Actifs, bruts - logements - volumes chaînées année de référence 2010
P51G_N112G_CLV2010	Actifs, bruts - autres bâtiments et ouvrages de génie civil - volumes chaînées année de référence 2010
P51G_N1121G_CLV2010	Actifs, bruts - bâtiments non résidentiels - volumes chaînées année de référence 2010
P51G_N1122G_CLV2010	Actifs, bruts - autres ouvrages de génie civil - volumes chaînées année de référence 2010
B6G_R_HAB	Revenu disponible brut des ménages en termes réels par habitant
B6G_R_HAB_2008	Revenu disponible brut des ménages en termes réels par habitant (2008=100)
B7G_R_HAB	Revenu disponible brut ajusté des ménages en termes réels par habitant (unités monétaires)
B7G_R_HAB_2008	Revenu disponible brut ajusté des ménages en termes réels par habitant (2008=100)
B7G_R_HAB_GR	Revenu disponible brut ajusté des ménages en termes réels par habitant (variation en pourcentage par rapport à la période précédente)
P4_R_HAB	Consommation finale effective des ménages en termes réels par habitant
P4_R_HAB_GR	Consommation finale effective des ménages en termes réels par habitant (variation en pourcentage par rapport à la période précédente)
SRG_S14_S15	Taux d'épargne brut des ménages (B8G/(B6G+D8Net)*100)
IRG_S14_S15	Taux d'investissement (brut) des ménages (P51/(B6G+D8Net)*100)
IRG_S11	Taux d'investissement (brut) des sociétés non-financières (P51/B1G*100)
B2G_B3G_RAT_S11	Part des profits bruts, en pourcentage de la valeur ajoutée brute des entreprises non-financières (B2G_B3G/B1Q*100)
P51G_RAT_GDP_S1	Ratio Investissement total/PIB au prix du marché (S1_P51G/B1GQ*100)
P51G_RAT_GDP_BUS	Ratio Investissement des entreprises/PIB au prix du marché (S11_S12_P51G/B1GQ*100)
P51G_RAT_GDP_S13	Ratio Investissement du gouvernement/PIB au prix du marché (S13_P51G/B1GQ*100)
P51G_RAT_GDP_S1M	Ratio Investissement des ménages/PIB au prix du marché (S14_S15_P51G/B1GQ*100)
ROCE_S11	Taux de rendement brut du capital, avant impôt, des entreprises non-financières: B2G_B3G/(AF2+AF3+AF4+AF5, passifs - actifs)
DIR_S11	Taux d'endettement net, après impôt, des entreprises non-financières: (AF2+AF3+AF4, passifs - actifs)/(B4N-D5PAY)
ROE_S11	Taux de rendement net, après impôt, des fonds propres des entreprises non-financières: (B4N-D5PAY)/(AF5, passifs - actifs)
DIR_S14_S15	Taux d'endettement brut des ménages: (AF4, liab)/(B6G+D8net)
NFW_S14_S15	Taux des actifs financiers nets des ménages (BF90/(B6G+D8net))
B2G	Excédent d'exploitation, brut
B5GQ	Revenu national brut aux prix du marché
B5NQ	Revenu national net aux prix du marché
P11	Production marchande
P12	Production pour usage final propre
D11PAY	Salaires et traitements bruts  à payer
D12PAY	Cotisations sociales à la charge des employeurs  à payer
D3REC_S212	Subventions à recevoir à Institutions et organes de l¿Union européenne
D51A_C1REC	Impôts sur le revenu des personnes physiques ou des ménages, y compris les gains de détention, à recevoir
D51B_C2REC	Impôts sur le revenu ou les bénéfices des sociétés, y compris les gains de détention, à recevoir
D7REC_S212	Autres transferts courants à recevoir à Institutions et organes de l¿Union européenne
D71REC	Primes nettes d¿assurance-dommages à recevoir
D72REC	Indemnités d¿assurance-dommagesà recevoir
D73REC	Transferts courants entre administrations publiques à recevoir
D74REC	Coopération internationale courante à recevoir
D74REC_S212	Coopération internationale courante à recevoir à Institutions et organes de l¿Union européenne
D75REC	Transferts courants divers à recevoir
D76REC	Ressources propres de l'UE fondées sur la TVA et le RNB à recevoir
D71PAY	Primes nettes d'assurance-dommages à payer
D72PAY	Indemnités d'assurance-dommages à payer
D73PAY	Transferts courants entre administrations publiques à payer
D74PAY	Coopération internationale courante à payer
D74PAY_S212	Coopération internationale courante à payer à Institutions et organes de l'Union européenne
D75PAY	Transferts courants divers à payer
D76PAY	Ressources propres de l'UE fondées sur la TVA et le RNB à payer
D9PAY_S2	Transferts en capital à payer
D9REC_S2	Transferts en capital à recevoir
D9PAY_S212	Transferts en capital à payer à Institutions et organes de l¿Union européenne
D9REC_S212	Transferts en capital à recevoir à Institutions et organes de l¿Union européenne
D92REC	Aides à l'investissement à recevoir
D99REC	Autres transferts en capital à recevoir
D99PAY	Autres transferts en capital à payer
D41GREC	Intérêts à recevoir avant allocation de SIFIM
D42REC	Revenus distribués des sociétés à recevoir
D43REC	Bénéfices réinvestis d'investissements directs étrangers à recevoir
D44REC	Revenus d'investissements à recevoir
D45REC	Loyers à recevoir
D41GPAY	Intérêts à payer avant allocation de SIFIM
D42PAY	Revenus distribués des sociétés à payer
D43PAY	Bénéfices réinvestis d'investissements directs étrangers à payer
D44PAY	Revenus d'investissements à payer
D45PAY	Loyers à payer
D62PAY_GF1002	Prestations sociales autres que transferts sociaux en nature à payer dont COFOG groupe 10.02 vieillesse
D62PAY_GF1003	Prestations sociales autres que transferts sociaux en nature à payer dont COFOG groupe 10.03 survivants
D62PAY_GF1005	Prestations sociales autres que transferts sociaux en nature à payer dont COFOG groupe 10.05 chômage
P3_P5	Dépense de consommation finale et formation brute de capital fixe
P3_P6	Dépense de consommation finale, formation brute de capital fixe et exportations de biens et de services
D421	Dividendes
D422	Prélèvements sur les revenus des quasi-sociétés
D441	Revenus d'investissements attribués aux assurés
D442	Revenus d'investissements à payer sur des droits à pension
D443	Revenus d'investissements attribués aux détenteurs de parts de fonds d'investissement
D613	Cotisations sociales effectives à la charge des ménages
D614	Suppléments de cotisations sociales à la charge des ménages
B6G_R	Revenu disponible brut des ménages en termes réels (variation en pourcentage par rapport à la période précédente)
GD_F2	Dette brute consolidée du gouvernement à la valeur faciale  - Numéraire et dépôts
GD_F3	Dette brute consolidée du gouvernement à la valeur faciale  - Titres de créance
GD_F31	Dette brute consolidée du gouvernement à la valeur faciale  - Titres de créance à court terme
GD_F32	Dette brute consolidée du gouvernement à la valeur faciale  - Titres de créance à long terme
GD_F4	Dette brute consolidée du gouvernement à la valeur faciale  - Crédits
GD_F41	Dette brute consolidée du gouvernement à la valeur faciale  - Crédits à court terme
GD_F42	Dette brute consolidée du gouvernement à la valeur faciale  - Crédits à long terme
AF_81L	Crédits commerciaux et avances - passifs
ORWB	Solde budgétaire (ou de comptabilité publique)
FT	Transactions financières comprises dans le solde budgétaire (ou de comptabilité publique)
F4_ORWB	Transactions financières comprises dans le solde budgétaire (ou de comptabilité publique) - Crédits (+/-)
F5_ORWB	Transactions financières comprises dans le solde budgétaire (ou de comptabilité publique) - actions (+/-)
F4_ACQ_ORWB	Transactions financières comprises dans le solde budgétaire (ou de comptabilité publique) - Crédits; acquisition/augmentation (+)
F4_DIS_ORWB	Transactions financières comprises dans le solde budgétaire (ou de comptabilité publique) - Crédits; cession/réduction (-)
F5_ACQ_ORWB	Transactions financières comprises dans le solde budgétaire (ou de comptabilité publique) - Actions et parts de fonds d?investissement; acquisition/augmentation (+)
F5_DIS_ORWB	Transactions financières comprises dans le solde budgétaire (ou de comptabilité publique) - Actions et parts de fonds d?investissement; cession (-)/réduction
FNDX_ORWB	Transactions financières comprises dans le solde budgétaire (ou de comptabilité publique) - Autres transactions financières (+/-)
FNDL_ORWB	Transactions financières comprises dans le solde budgétaire (ou de comptabilité publique) - Autres transactions financières, dont les opérations sur la dette (+/-)
F71K_ORWB	Transactions financières comprises dans le solde budgétaire (ou de comptabilité publique) - Autres transactions financières (+/-), dont: les règlements nets liés aux accords de swaps (+/-)
ORNF_ORWB	Transaction non-financières non comprises dans la balance budgétaire (ou de comptabilité publique)
ORD41A_ORWB	Différence entre intérêts (D.41) payés (+) et courus  (-) comprises dans dans le solde budgétaire (ou de comptabilité publique)
F8_ASS_ORWB	Autres comptes à recevoir (+) comprises dans dans le solde budgétaire (ou de comptabilité publique)
F8_LIAB_ORWB	Autres comptes à payer (-) comprises dans dans le solde budgétaire (ou de comptabilité publique)
ORWB_E	Solde d'exécution budgétaire d'unités n'appartenant pas au secteur
B9_OB	Capacité (+)/besoin (-) de financement d'autres unités appartenant au sous-secteur comprises dans dans le solde budgétaire (ou de comptabilité publique)
OROA_ORWB	Autres ajustements (+/-) comprises dans dans le solde budgétaire (ou de comptabilité publique)
B9_T3	Capacité (-)/besoin (+) de financement (signe inversé)
F_ASS	Acquisition nette (+) d'actifs financiers
F2_ASS	Acquisition nette (+) d'actifs financiers - Monnaies et dépôts
F3_ASS	Acquisition nette (+) d'actifs financiers - Titres de créance
F4_ASS	Acquisition nette (+) d'actifs financiers - Crédits
F4_ACQ_ASS	Acquisition nette (+) d'actifs financiers - Crédits; acquisition/augmentation (+)
F4_DIS_ASS	Acquisition nette (+) d'actifs financiers - Crédits; cession/réduction (-)
F41_ASS	Acquisition nette (+) d'actifs financiers - Crédits à court terme
F42_ASS	Acquisition nette (+) d'actifs financiers - Crédits à long terme
F42_ACQ_ASS	Acquisition nette (+) d'actifs financiers - Crédits à long terme; acquisition/augmentation (+)
F42_DIS_ASS	Acquisition nette (+) d'actifs financiers - Crédits à long terme; cession/réduction (-)
F5_ASS	Acquisition nette (+) d'actifs financiers - Actions et parts de fonds d?investissement
F5PN_ASS	Acquisition nette (+) d'actifs financiers - Actions et parts de fonds d?investissement - les investissements de portefeuille, net
F5OP_ASS	Acquisition nette (+) d'actifs financiers - Actions et parts de fonds d?investissement, autres que les investissements de portefeuille
F5OP_ACQ_ASS	Acquisition nette (+) d'actifs financiers - Actions et parts de fonds d?investissement, autres que les investissements de portefeuille; acquisition/augmentation (+)
F5OP_DIS_ASS	Acquisition nette (+) d'actifs financiers - Actions et parts de fonds d?investissement, autres que les investissements de portefeuille; cession (-)/réduction
F71_ASS	Acquisition nette (+) d'actifs financiers - Produits financiers dérivés
F8_ASS	Acquisition nette (+) d'actifs financiers - Autres comptes à recevoir (+)
FN_ASS	Acquisition nette (+) d'actifs financiers - Autres actifs financiers (F.1, F.6)
ORADJ	Total des ajustements
F71_ADJ_LIAB	Ajustements: accroissement net (-) des passifs en produits dérivés financiers
F8_ADJ_LIAB	Ajustements: accroissement net (-) des autres comptes à payer
FV_ADJ_LIAB	Ajustements: accroissement net (-) des autres passifs (F.1, F.5, F.6  and F.72)
ORINV	Ajustements: émission au dessus (-)/en dessous (+) de la valeur nominale
ORD41A_ADJ	Ajustements: différence entre dépense d'intérêts (D41) courus (-) et intérêts payés (+)
ORRNV	Ajustements: rachat de dette au dessus (+)/en dessous (-) de la valeur nominale
ORFCD	Ajustements: appréciation (+)/dépréciation (-) de dette en monnaie étrangère
K61	Changements de classement sectoriel ou de structure des unités institutionnelles (+/-)
KX	Ajustements: autres changements de volumes des passifs financiers (-)
YA3	Ecart statistique total
YA3O	Ecart statistique: autres écarts (+/-)
GD_CH	Variation de la dette brute consolidée
GD_CTB	Contribution à la dette brute des administrations publiques
GD_HOLD	Montant de la dette détenue sur les autres sous-secteurs des administrations publiques
FGT	Encours total des garanties accordées par les administrations publiques
FGO_T	Garanties ponctuelles - Encours total des garanties, hors dettes reprises par les administrations publiques
FGO_PC	Garanties ponctuelles  - Encours total des garanties, hors dettes reprises par les administrations publiques, dont société publiques
FGO_FC	Garanties ponctuelles - Encours total des garanties, hors dettes reprises par les administrations publiques, pour mémoire: sociétés financières
FGST	Garanties standard - Encours total des garanties accordées par les administrations publiques
TLGCE	Encours total des passifs d'entités sous le contrôle d'administrations publiques non incluses dans le secteur des administrations publiques
LIFA	Encours total des passifs d'entités sous le contrôle d'administrations publiques non incluses dans le secteur des administrations publiques, dont passifs des sociétés financières publiques
LIOA	Encours total des passifs d'entités sous le contrôle d'administrations publiques non incluses dans le secteur des administrations publiques, dont passifs des sociétés non financières publiques
LIOALM	Encours total des passifs d'entités sous le contrôle d'administrations publiques non incluses dans le secteur des administrations publiques, dont passifs des sociétés non financières publiques déficitaires
OFF_PPP	Valeur ajustée des actifs pour les  partenariats public-privé hors bilan des administrations publiques
F4M2	Encours des prêts improductifs octroyés par les administrations publiques
PPP_EU27_2020	Parités de pouvoir d'achat (EU27_2020=1)
PPP_EU28	Parités du pouvoir d'achat (EU28=1)
PPP_EU27_2007	Parités de pouvoir d'achat (EU27_2007=1)
PPP_EU15	Parités de pouvoir d'achat (EU15=1)
PLI_EU27_2020	Indices de niveau des prix (EU27_2020=100)
PLI_EU28	Indices de niveau des prix (EU28=100)
PLI_EU27_2007	Indices de niveau des prix (EU27_2007=100)
PLI_EU15	Indices de niveau des prix (EU15=100)
EXP_NAC	Dépenses nominales en monnaie nationale
EXP_NAC_PC_GDP	Dépenses nominales en pourcentage du PIB (PIB=100)
EXP_EUR	Dépenses nominales (en Euro)
EXP_EUR_HAB	Dépenses nominales par habitant (en Euro)
EXP_PPS_EU27_2020	Dépenses réelles (en PPS_EU27_2020)
EXP_PPS_EU28	Dépenses réelles (en PPS_EU28)
EXP_PPS_EU27_2007	Dépenses réelles (en PPS_EU27_2007)
EXP_PPS_EU15	Dépenses réelles (en PPS_EU15)
EXP_PPS_EU27_2020_HAB	Dépenses réelles par habitant  (en PPS_EU27_2020)
EXP_PPS_EU28_HAB	Dépenses réelles par habitant (en PPS_EU28)
EXP_PPS_EU27_2007_HAB	Dépenses réelles par habitant  (en PPS_EU27_2007)
EXP_PPS_EU15_HAB	Dépenses réelles par habitant (en PPS_EU15)
VI_PPS_EU27_2020_HAB	Indices de volume des dépenses réelles par habitant (en PPS_EU27_2020=100)
VI_PPS_EU28_HAB	Indices de volume des dépenses réelles par habitant (en PPS_EU28=100)
VI_PPS_EU27_2007_HAB	Indices de volume des dépenses réelles par habitant (en PPS_EU27_2007=100)
VI_PPS_EU15_HAB	Indices de volume des dépenses réelles par habitant (en PPS_EU15=100)
CV_VI_HAB	Coefficient de variation des indices de volume des dépenses par habitant (pourcentage)
GD_NAC	Dette brute des administrations publiques, dont en monnaie nationale
GD_FOR	Dette brute des administrations publiques, dont en monnaie étrangère
GD_S1	Dette brute des administrations publiques, dont les contreparties nationales
GD_S2	Dette brute des administrations publiques, dont les contreparties exterieures
GD_LL	Dette brute des administrations publiques,échéance initiale Ã  long terme, dont un paiement Ã©chu dans plus d'un an
GD_TS	Dette brute des administrations publiques, échéance résiduelle à court terme
SRG_S14	Taux d'épargne brut des ménages (B8G/(B6G+D8Net)*100)
IRG_S14	Taux d'investissement (brut) des ménages (P51G/(B6G+D8Net)*100)
P51G_RAT_GDP_S14	Ratio Investissement des ménages/PIB au prix du marché (S14_S15_P51/B1GQ*100)
DIR_S14	Taux d'endettement brut des ménages: (AF4, liab)/(B6G+D8net)
NFW_S14	Taux des actifs financiers nets des ménages (BF90/(B6G+D8net))
TAXABT	Abattements fiscaux
EMP_HAB	Emploi total (personnes ayant un emploi) par habitant
HW_HAB	Heures travaillées par habitant
HW_EMP	Heures travaillées par personnes ayant un emploi
HW_SELF	Heures travaillées par travailleur indépendant
HW_SAL	Heures travaillées par salarié
NCS_EMP	Actifs fixes (net) par personne ayant un emploi
NCS_HW	Actifs fixes (net) par heure travaillée
GVA_NCS	Valeur ajoutée brute par unité d'actifs fixes (net)
NCS_GVA	Ratio des actifs fixes (net) sur la valeur ajoutée brute
