BP010	Total
BP020	Commerce des biens
BP030	Commerce des services
BP040	Revenu
BP050	Transferts courants
BP060	Compte de capital - Millions d'euros - Données mensuelles
BP070	Compte courant et de capital - Millions d'euros - Données mensuelles
BP080	Total
BP090	Investissements directs
BP100	Investissements de portefeuille
BP110	Dérivés financiers
BP120	Autres investissements
BP130	Avoirs de réserve
BP140	Erreurs et omissions nettes
BP200	Total
BP210	Commerce des biens
BP220	Commerce des services
BP230	Revenu
BP240	Transferts courants
BP_CA	Compte des transactions courantes
BP_CKA	Compte courant et de capital - Millions d'euros - Données mensuelles
BP_EO	Erreurs et omissions nettes
BP_G	Biens
BP_IN1	Revenus primaires
BP_IN2	Revenus secondaires
BP_S	Services
BP_FA	Compte d'opérations financières
BP_FA__D__F	"Compte d'opérations financières; Investissements directs"
BP_FA__P__F	"Compte d'opérations financières; Investissements de portefeuille"
BP_FA__F__F7	"Compte d'opérations financières; Produits financiers dérivés et options sur titres des salariés"
BP_FA__O__F	"Compte d'opérations financières; Autres investissements"
BP_FA__R__F	"Compte d'opérations financières; Avoirs de réserve"
BP-100	Commerce de biens
BP-200	Commerce des services
BP-300	Revenus
BP-379	Transferts courants
BP-993	Compte des transactions courantes
BP-994	Compte de capital
BP-010	Compte des transactions courantes et de capital
BP-995	Compte financier
BP-500	Investissements directs
BP-600	Investissements de portefeuille
BP-910	Dérivés financiers
BP-700	Autres investissements
BP-802	Avoirs de réserve
BP-998	Erreurs et omissions nettes
BS-IPT	Evolution de la production au cours des 3 derniers mois
BS-EEI-I	Indicateur de l’évolution probable de l'emploi au cours des 3 prochains mois
BS-IEME	Evolution probable de l'emploi au cours des 3 prochains mois
BS-IEME-BAL	Evolution probable de l'emploi au cours des 3 prochains mois - industrie
BS-CEME-BAL	Evolution probable de l'emploi au cours des 3 prochains mois - construction
BS-REM-BAL	Evolution probable de l'emploi au cours des 3 prochains mois - ventes au détail
BS-SEEM-BAL	Evolution probable de l'emploi au cours des 3 prochains mois -  services
BS-IOB	Etat du carnet de commandes
BS-IEOB	Etat des commandes à l'export
BS-ISFP	Etat actuel du stock de produits finis
BS-IPE	Evolution probable de la production au cours des 3 prochains mois
BS-ISPE	Evolution probable des prix de vente au cours des 3 prochains mois
BS-ICI	Industrie, indicateur de confiance
BS-ICPC-BAL	Etat de la capacité actuelle de production
BS-IPCO-BAL	Durée de production assurée par les commandes actuelles, mois
BS-INO-BAL	Evolution des commandes au cours des 3 derniers mois
BS-IEE-BAL	Evolution probable des commandes à l'export au cours des 3 prochains mois
BS-ICU-PC	Niveau actuel de la capacité d'utilisation (%)
BS-CP3M-DM-BAL	Position concurrentielle au cours des 3 derniers mois: sur le marché intérieur
BS-CP3M-FMIEU-BAL	Position concurrentielle au cours des 3 derniers mois sur le marché étranger mais dans l'UE
BS-CP3M-EXEU-BAL	Position concurrentielle au cours des 3 derniers mois sur le marché étranger en dehors de l'UE
BS-FLP1-PC	Facteurs limitant la production - Aucun
BS-FLP2-PC	Facteurs limitant la production - Insuffisance de la demande
BS-FLP3-PC	Facteurs limitant la production - Manque de main-d'oeuvre
BS-FLP4-PC	Facteurs limitant la production - Insuffisance de l'équipement
BS-FLP5-PC	Facteurs limitant la production - Autres
BS-FLP6-PC	Facteurs limitant la production - Insufficance des moyens financiers
BS-CTA-BAL	Evolution de l'activité de construction au cours des 3 derniers mois
BS-COB-BAL	Evolution du carnet de commande
BS-CPE-BAL	Evolution probable des prix au cours des 3 prochains mois
BS-CCI-BAL	Construction, indicateur de confiance
BS-FLBA1-PC	Facteurs limitant l'activité - Aucun
BS-FLBA2-PC	Facteurs limitant l'activité - Insuffisance de la demande
BS-FLBA3-PC	Facteurs limitant l'activité - Conditions météo défavorables
BS-FLBA4-PC	Facteurs limitant l'activité - Manque de main-d'oeuvre
BS-FLBA5-PC	Facteurs limitant l'activité - Insuffisance de l'équipement
BS-FLBA6-PC	Facteurs limitant l'activité - Autres
BS-FLBA7-PC	Facteurs limitant l'activité - Insufficance des moyens financiers
BS-OTEB	Durée en mois des activités déjà sous contrat, mois
BS-RPBS	Evolution de la demande (vente) au cours des 3 derniers mois
BS-RAS	Etat du stock actuellement détenu
BS-ROP	Evolution probable des commandes fournisseurs au cours des 3 prochains mois
BS-REBS	Evolution probable de la demande au cours des 3 prochains mois
BS-REM	Evolution probable de l'emploi au cours des 3 prochains mois
BS-RPE	Evolution probable des prix au cours des 3 prochains mois
BS-RCI	Commerce de détail, indicateur de confiance
BS-FS-LY	Situation financière au cours des 12 derniers mois
BS-FS-NY	Situation financière au cours des 12 prochains mois
BS-GES-LY	Situation économique générale au cours des 12 derniers mois
BS-GES-NY	Situation économique générale au cours des 12 prochains mois
BS-PT-LY	Evolution des prix au cours des 12 derniers mois
BS-PT-NY	Evolution probable des prix au cours des 12 prochains mois
BS-UE-NY	Evolution probable du chômage au cours des 12 prochains mois
BS-MP-PR	La conjoncture économique est adéquate pour les achats importants
BS-MP-NY	Achats importants prévus dans les 12 prochains mois
BS-SV-PR	La conjoncture économique est adéquate pour l'épargne
BS-SV-NY	Epargne au cours des 12 prochains mois
BS-SFSH	Situation financière actuelle du ménage
BS-CSMCI	Consommateur, indicateur de confiance
BS-IBC-NTY	Intention d'acheter une automobile dans les 12 prochains mois
BS-PBH-NTY	Achat ou construction d'une maison dans les 12 prochains mois
BS-HI-NY	Travaux importants dans votre logement dans les 12 prochains mois
BS-ESI-I	Indicateur du climat économique
BS-ICI-BAL	Industrie, indicateur de confiance
BS-RCI-BAL	Commerce de détail, indicateur de confiance
BS-CSMCI-BAL	Consommateur, indicateur de confiance
BS-SCI-BAL	Services, indicateur de confiance
BS-SABC	Evolution de l'activité au cours des 3 derniers mois
BS-SARM	Evolution de la demande au cours des 3 derniers mois
BS-SAEM	Evolution probable de la demande au cours des 3 prochains mois
BS-SERM	Evolution de l'emploi au cours des 3 derniers mois
BS-SEEM	Evolution probable de l'emploi au cours des 3 prochains mois
BS-SCI	Services, indicateur de confiance
BS-PE3M	Evolution probable des prix au cours des 3 prochains mois
BS-BCI	Indicateur du climat des affaires
CP-HI00	IPCH - Indice d'ensemble (IPCH=Indices harmonisés des prix à la consommation)
CP-HI01	IPCH - Produits alimentaires et boissons non alcoolisées
CP-HI02	IPCH - Boissons alcoolisées et tabac
CP-HI03	IPCH - Articles d'habillement et articles chaussants
CP-HI04	IPCH - Logement, eau, électricité, gaz et autres combustibles
CP-HI05	IPCH - Ameublement, équipement ménager et entretien courant de la maison
CP-HI06	IPCH - Santé
CP-HI07	IPCH - Transport
CP-HI08	IPCH - Communications
CP-HI09	IPCH - Loisirs et culture
CP-HI10	IPCH - Enseignement
CP-HI11	IPCH - Hôtels, cafés et restaurants
CP-HI12	IPCH - Autres biens et services
CP-HI00XEF	IPCH - Indice d'ensemble sans énergie, produits alimentaires, alcool et tabac
CP-HI00XTB	IPCH - Indice d'ensemble sans tabac
CP-HIE	IPCH - Energie
CP-HIF	IPCH - Produits alimentaires
CP-HIFU	IPCH - Aliments non traités
CP-HIG	IPCH - Total des biens
CP-HIIG	IPCH - Biens industriels
CP-HIS	IPCH - Total des services
CP-HIIGXE	IPCH - Biens industriels non énergétiques
CP-HI00XE	IPCH - Indice d'ensemble, énergie exclue
CP-HI00XEFU	IPCH - Indice d'ensemble, énergie et aliments non traités exclus
CP-HI00XES	IPCH - Indice d'ensemble, énergie et aliments saisonniers exclus
ET-T	Total
ET-CAP	Biens d'investissement
ET-CONS	Biens de consommation
ET-CONXT	Biens de consommation (matériel de transport exclu)
ET-INTER	Biens intermédiaires
IS-PPI	Prix à la production de l'indice du marché intérieur (Indice des prix à la production) (NSA)
IS-IO	Indice des nouvelles commandes reçues
IS-IP	Indice de production
IS-IP-CA	Indice de production - Données corrigées des effets de calendrier, données non désaisonnalisées (CA)
IS-IP-SA	Indice de production - Données désaisonnalisées et corrigées des effets de calendrier (SCA)
IS-IP-SCA	Indice de production - Données désaisonnalisées et corrigées des jours ouvrables
IS-EPI	Indice du nombre de personnes occupées
IS-HWI	Indice des heures travaillées
IS-WSI	Indice des salaires et traitements bruts
IS-IPI	Indice du coût (indice des prix imputé) - Nouveaux bâtiments résidentiels
IS-PEI	Indice des permis de construire - Nouveaux bâtiments résidentiels
IS-IT	Indice du chiffre d'affaires - Données corrigées des effets de calendrier, données non désaisonnalisées (CA)
IS-ITT	Indice du chiffre d'affaires - total
IS-ITD	Indice du chiffre d'affaires - marché intérieur
IS-ITND	Indice du chiffre d'affaires - marché extérieur
IS-DIT	Indice déflaté du chiffre d'affaires
IS-IMPR	Indices des prix à l'importation (NSA)
IS-IMPX	Indices des prix à l'importation - hors zone euro (NSA)
IS-IMPZ	Indices des prix à l'importation - zone euro (NSA)
IS-PNG-TJ	Production de gas naturel, TJ (GVC)
IS-CNG-TJ	Consommation totale de gaz naturel, TJ (GCV)
IS-ING-TJ	Importations de gaz naturel, TJ (GCV)
IS-PEL-GWH	Production d'électricité - GWh
IS-CEL-GWH	Consommation d'électricité - GWh
IS-IEL-GWH	Importations d'électricité GWh
IS-ROMS-T	Production d'essence pour moteur des raffineries - 1000t
IS-IDMS-T	Livraisons intérieures d'essence pour moteurs - 1000t
IS-ROGD-T	Production de gasoil des raffineries - 1000t
IS-IDGD-T	Livraisons intérieures de gas-oil - 1000t
IS-IDC-T	Livraisons intérieures de charbon brun - 1000t
IS-ICO-T	Importations de pétrole brut - 1000 t
IS-IDMG-T	Livraisons intérieures d'essence moteur - 1000t
IS-IDJF-T	Livraisons intérieures de carburéacteur type kérosène - 1000t
LM-UN-T-TOT	Chômeurs selon la définition de l'OIT - Total
LM-UN-M-TOT	Chômeurs selon la définition de l'OIT - Hommes
LM-UN-F-TOT	Chômeurs selon la définition de l'OIT - Femmes
LM-UN-T-LE25	Chômeurs selon la définition de l'OIT - Moins de 25 ans - Total
LM-UN-M-LE25	Chômeurs selon la définition de l'OIT - moins de 25 ans - Hommes
LM-UN-F-LE25	Chômeurs selon la définition de l'OIT - moins de 25 ans - Femmes
LM-UN-T-GT25	Chômeurs selon la définition de l'OIT - Plus de 25 ans - Total
LM-UN-M-GT25	Chômeurs selon la définition de l'OIT - Plus de 25 ans - Hommes
LM-UN-F-GT25	Chômeurs selon la définition de l'OIT - Plus de 25 ans - Femmes
LM-LCI-TOT	Indice du coût de la main-d'oeuvre - Total des coûts de la main d'oeuvre
LM-LCI-SAL	Indice du coût de la main-d'oeuvre - Rémunérations
LM-LCI-OTH	Indice du coût de la main-d'oeuvre - Coûts autres que les rémunérations
MF-DDI-RT	Taux d'intérêt du marché monétaire au jour le jour (moyenne)
MF-3MI-RT	Taux d'intérêt à 3 mois (moyenne)
MF-EY1YM-RT	Rendements en euro - 1 an (moyenne)
MF-EY5YM-RT	Rendements en euro - 5 ans (moyenne)
MF-EY10YM-RT	Rendements en euro - 10 ans (moyenne)
MF-LTGBY-RT	Rendement des obligations d'état à long terme - définitions de Maastricht
MF-EXA-RT	Taux de change par rapport à l'ECU/euro (moyenne)
F4	Crédits
NA-B1G-CP-MIO-EUR	Valeur ajoutée brute à prix courants (mio euro)
NA-B1G-CP	Valeur ajoutée brute à prix courants
NA-D1-CP-MIO-EUR	Rémunération des salariés à prix courants (mio euro)
NA-D11-CP-MIO-EUR	Salaires et traitements bruts à prix courants (mio euro)
NA-D11	Salaires et traitements bruts
NA-B2G_B3G-CP-MIO-EUR	Excédent brut d'exploitation et revenu mixte (mio euro)
NA-EMP-1000	Emploi total (1000)
NA-EMP	Emploi total
NA-SAL-1000	Salariés (1000)
NA-SAL	Salariés
NA-SELF-1000	Travailleurs indépendants (1000)
NA-SELF	Indépendants
NA-B1GM-CP-MIO-EUR	Valeur ajoutée brute aux prix du marché courants (mio euro)
NA-B1GM-KP-RT1	Produit intérieur brut aux prix constants (variation en pourcentage t/t-1)
NA-B1GM-CLV-I2000	Produit intérieur brut aux prix constants (indice 2000=100)
NA-D21_M_D31	Impôts sans les subventions sur la production et les importations
NA-B2G_B3G	Excédent brut d'exploitation et revenu mixte brut
NA-D1	Rémunération des salariés
NA-B5N	Revenu national net
NA-B5G	Revenu national brut
NA-B6N	Revenu net disponible
NA-B6G	Revenu brut disponible
NA-B8G	Epargne brute
NA-B8N	Epargne nette
NA-B9	Capacité de financement (+) / besoin de financement (-)
NA-D1_D4PAY	Revenus primaires, à payer
NA-D1_D4REC	Revenus primaires, à recevoir
NA-D1_D4	Revenus primaires nets
NA-D5_TO_D7PAY	Transferts courants, à payer
NA-D5_TO_D7REC	Transferts courants, à recevoir
NA-D5_TO_D7	Transferts courants nets
NA-D9	Transferts en capital nets
NA-D9PAY	Transferts en capital, à payer
NA-D9REC	Transferts en capital, à recevoir
NA-D8	Ajustement pour variation des droits des ménages sur les fonds de pension
NA-K2	Acquisitions moins cessions d'actifs non financiers non produits
NA-K1	Consommation de capital fixe
NA-D2_M_D3	Impôts sur la production et les importations moins les subventions
NA-P119	Services d'intermédiation financière indirectement mesurés (SIFIM)
NA-B1G	Valeur ajoutée brute
NA-B1G-CLV2000	Valeur ajoutée brute en volumes
NA-B1G-MIO-EUR-CLV2000	Valeur ajoutée brute - mesures de volume chaînées, année de référence 2000 (aux taux de change de 2000) (mio euro)
NA-B1G-MIO-EUR-CLV2005	Valeur ajoutée brute - mesures de volume chaînées, année de référence 2005 (aux taux de change de 2005) (mio euro)
NA-B1GM	Produit intérieur brut aux prix du marché
NA-P3	Dépenses de consommation finale
NA-P3_S13	Dépenses de consommation finale : administrations publiques
NA-P31_S14	Dépenses de consommation finale : ménages
NA-P31_S15	Dépenses de consommation finale : ISBLSM
NA-P31_S14_S15	Dépenses de consommation finale : ménages et ISBLSM
NA-P5	Formation brute de capital
NA-P51	Formation brute de capital fixe - total
NA-P51-AB	Formation brute de capital fixe : produits agricoles
NA-P51-MET	Formation brute de capital fixe : produits métalliques et machines
NA-P51-DM	Formation brute de capital fixe : matériel de transport
NA-P51-FA	Formation brute de capital fixe : travaux de construction - Logement
NA-P51-FB	Formation brute de capital fixe : travaux de construction - autres constructions
NA-P51-OTH	Formation brute de capital fixe : autres produits
NA-P52	Variation des stocks
NA-P53	Acquisitions moins cessions d'objets de valeur
NA-P3_P5	Demande intérieure
NA-P61	Exportations de biens
NA-P62	Exportations de services
NA-P6	Exportations de biens et services
NA-P71	Importations de biens
NA-P72	Importations de services
NA-P7	Importations de biens et services
NA-B111	Balance extérieure : biens
NA-B112	Balance extérieure : services
NA-B11	Balance extérieure : total
NA-GDEF	Capacité (+) / besoin de financement (-) des administrations publiques
NA-GDEBT	Dette brute des administrations publiques
NA-GEXP	Dépenses des administrations publiques
NA-GREV	Recettes des administrations publiques
NA-GFINV	Investissements fixes des administrations publiques
NA-GPBAL	Solde primaire des administrations publiques
GD	Dette brute consolidée du gouvernement
NA-IGL-EU27_2020	Prêts intergouvernementaux intra UE27 (à partir de 2020) faits dans le contexte de la crise financière
NA-IGL-EU28	Prêts intergouvernementaux intra UE28 (2013-2020) faits dans le contexte de la crise financière
NA-IGL-EU27_2007	Prêts intergouvernementaux intra UE27 (2007-2013) faits dans le contexte de la crise financière
NA-IGL-EU25	Prêts intergouvernementaux intra UE25 (2004-2006) faits dans le contexte de la crise financière
NA-IGL-EA17	Prêts intergouvernementaux intra EA17 (2011-2013) faits dans le contexte de la crise financière
NA-IGL-EA16	Prêts intergouvernementaux intra EA16 (2009-2010) faits dans le contexte de la crise financière
INV_TOT	Investissement total
INV_BSN	Investissement des entreprises
INV_GOV	Investissements gouvernementals
INV_HH	Investissement des ménages
BS-FCI	Indicateur de confiance des services financiers
BS-BSDP3	Evolution de la situation commerciale au cours des 3 derniers mois
BS-DEVP3	Evolution de la demande au cours des 3 derniers mois
BS-DEXN3	Evolution attendue de la demande au cours des 3 prochains mois
BS-EEVP3	Evolution du nombre d'employés au cours des 3 derniers mois
BS-EEXN3	Evolution attendue du nombre d'employés au cours des 3 prochains mois
BS-OIDP3	Evolution du résultat d'exploitation au cours des 3 derniers mois
BS-OIEN3	Evolution attendue du résultat d'exploitation au cours des 3 prochains mois
BS-OEDP3	Evolution des charges d'exploitation au cours des 3 derniers mois
BS-OEEN3	Evolution attendue des charges d'exploitation au cours des 3 prochains mois
BS-PDP3	Evolution de la rentabilité au cours des 3 derniers mois
BS-PEN3	Evolution attendue de la rentabilité au cours des 3 prochains mois
BS-CEDP3	Evolution des dépenses en capital au cours des 3 derniers mois
BS-CEEN3	Evolution attendue des dépenses en capital au cours des 3 prochains mois
BS-CPDTP3	Evolution de la situation concurrentielle au cours des 3 derniers mois (total)
BS-CPD1P3	Evolution de la situation concurrentielle au cours des 3 derniers mois (dans votre pays)
BS-CPD2P3	Evolution de la situation concurrentielle au cours des 3 derniers mois (dans la zone Euro)
BS-CPD3P3	Evolution de la situation concurrentielle au cours des 3 derniers mois (au sein de l'UE)
BS-CPD4P3	Evolution de la situation concurrentielle au cours des 3 derniers mois (en dehors de l'UE)
BS-CPETN3	Evolution attendue de la situation concurrentielle au cours des 3 prochains mois (total)
BS-CPE1N3	Evolution attendue de la situation concurrentielle au cours des 3 prochains mois (dans votre pays)
BS-CPE2N3	Evolution attendue de la situation concurrentielle au cours des 3 prochains mois (dans la zone EU)
BS-CPE3N3	Evolution attendue de la situation concurrentielle au cours des 3 prochains mois (au sein de l'EU)
BS-CPE4N3	Evolution attendue de la situation concurrentielle au cours des 3 prochains mois (en dehors de l'EU)
TOTAL	Total
NEW_DW	Logements nouveaux
EXST_DW	Logements existants
JOBRATE	Taux de vacances d'emplois
INTINVT	Position extérieure de l'investissement: Total
DIRINVT	Investissements directs : Total
PORINVT	Investissements de portefeuille : Total
FINDERT	Produits financiers dérivés : Total
OTHINVT	Autres investissements: Total
RESASSETST	Avoirs de réserves : total
GROSFORDEBT	Dette extérieure brute
NETFORDEBT	Dette extérieure net
NEEREA17	Taux de change effectif nominal - 17 partenaires commerciaux (Eurozone)
NEER27	Taux de change effectif nominal - 27 partenaires commerciaux
NEER37	Taux de change effectif nominal - 37 partenaires commerciaux
NEER42	Taux de change effectif nominal - 42 partenaires commerciaux
REEREA17CPI	Taux de change effectif réel (déflateur : indices des prix à la consommation - 17 partenaires commerciaux - Eurozone)
REER27CPI	Taux de change effectif réel (déflateur : indices des prix à la consommation - 27 partenaires commerciaux)
REER37CPI	Taux de change effectif réel (déflateur : indices des prix à la consommation - 37 partenaires commerciaux)
REER42CPI	Taux de change effectif réel (déflateur : indices des prix à la consommation - 42 partenaires commerciaux)
IND_H	Indicateurs principaux
IND_A	Indicateurs auxiliaires
IND_T	Ensemble des indicateurs
BS-FLB1-PC	Principaux facteurs limitant le développement des affaires - aucun
BS-FLB2-PC	Principaux facteurs limitant le développement des affaires - demande insuffisante
BS-FLB3-PC	Principaux facteurs limitant le développement des affaires - la main d'oeuvre
BS-FLB4-PC	Principaux facteurs limitant le développement des affaires - équipement et/ou l'espace
BS-FLB5-PC	Principaux facteurs limitant le développement des affaires - contrainte financière
BS-FLB6-PC	Principaux facteurs limitant le développement des affaires - autres
BS-QP-PC	Possibilité d'augmenter le volume de l'activité avec les ressources actuelles
TOVT	Indice du chiffre d'affaires - Total
TOVV	Indice du chiffre d'affaires déflaté
